ID,PROFESI PEKERJAAN
Alumni001,System Analyst
Alumni002,Software Quality Assurance Engineer
Alumni003,Software Engineer
Alumni004,Data Engineer
Alumni005,Software Engineer
Alumni006,IT Project Manager
Alumni007,Data Analyst
Alumni008,Network Engineer
Alumni009,Software Quality Assurance Engineer
Alumni010,Graphic Designer
Alumni011,Software Engineer
Alumni012,Software Developer
Alumni013,Software Developer
Alumni014,Software Quality Assurance Engineer
Alumni015,Software Developer
Alumni016,Software Quality Assurance Engineer
Alumni017,Software Quality Assurance Engineer
Alumni018,Data Engineer
Alumni019,Software Engineer
Alumni020,Graphic Designer
Alumni021,Software Quality Assurance Engineer
Alumni022,Software Quality Assurance Engineer
Alumni023,Database Administrator
Alumni024,Cyber Security Analyst
Alumni025,Software Developer
Alumni026,Network Engineer
Alumni027,Software Quality Assurance Engineer
Alumni028,Software Quality Assurance Engineer
Alumni029,Software Quality Assurance Engineer
Alumni030,Software Engineer
Alumni031,Software Quality Assurance Engineer
Alumni032,Software Developer
Alumni033,Software Engineer
Alumni034,Data Analyst
Alumni035,Software Engineer
Alumni036,Data Scientist
Alumni037,Software Engineer
Alumni038,Software Engineer
Alumni039,Software Engineer
Alumni040,Software Quality Assurance Engineer
Alumni041,Software Quality Assurance Engineer
Alumni042,System Analyst
Alumni043,Software Engineer
Alumni044,Data Scientist
Alumni045,Software Developer
Alumni046,Data Engineer
Alumni047,Software Engineer
Alumni048,Software Developer
Alumni049,Software Developer
Alumni050,Software Developer
Alumni051,Graphic Designer
Alumni052,Software Quality Assurance Engineer
Alumni053,Software Developer
Alumni054,Software Developer
Alumni055,Software Developer
Alumni056,Software Quality Assurance Engineer
Alumni057,Software Quality Assurance Engineer
Alumni058,Software Quality Assurance Engineer
Alumni059,Software Developer
Alumni060,Software Developer
Alumni061,Database Administrator
Alumni062,Software Engineer
Alumni063,Software Developer
Alumni064,IT Project Manager
Alumni065,Data Engineer
Alumni066,Software Quality Assurance Engineer
Alumni067,Data Engineer
Alumni068,Software Engineer
Alumni069,Software Developer
Alumni070,Software Developer
Alumni071,Product Designer
Alumni072,System Analyst
Alumni073,Data Analyst
Alumni074,Software Developer
Alumni075,Software Quality Assurance Engineer
Alumni076,Data Analyst
Alumni077,IT Project Manager
Alumni078,Software Quality Assurance Engineer
Alumni079,IT Project Manager
Alumni080,Software Quality Assurance Engineer
Alumni081,Software Quality Assurance Engineer
Alumni082,Database Administrator
Alumni083,Software Quality Assurance Engineer
Alumni084,Software Quality Assurance Engineer
Alumni085,Software Developer
Alumni086,Software Developer
Alumni087,Software Quality Assurance Engineer
Alumni088,Data Scientist
Alumni089,Software Quality Assurance Engineer
Alumni090,Software Engineer
Alumni091,Software Developer
Alumni092,Software Quality Assurance Engineer
Alumni093,Software Developer
Alumni094,Network Security Analyst
Alumni095,Software Engineer
Alumni096,Software Developer
Alumni097,Database Administrator
Alumni098,Software Developer
Alumni099,Software Developer
Alumni100,Software Quality Assurance Engineer
Alumni101,Software Engineer
Alumni102,Database Administrator
Alumni103,Software Engineer
Alumni104,System Analyst
Alumni105,Data Engineer
Alumni106,UI/UX Designer
Alumni107,Software Developer
Alumni108,Software Engineer
Alumni109,Software Quality Assurance Engineer
Alumni110,System Analyst
Alumni111,Software Engineer
Alumni112,IT Project Manager
Alumni113,Data Analyst
Alumni114,System Analyst
Alumni115,Software Engineer
Alumni116,Software Quality Assurance Engineer
Alumni117,Graphic Designer
Alumni118,Software Developer
Alumni119,UI/UX Designer
Alumni120,Graphic Designer
Alumni121,Software Engineer
Alumni122,Software Quality Assurance Engineer
Alumni123,IT Project Manager
Alumni124,Software Engineer
Alumni125,Data Engineer
Alumni126,Software Engineer
Alumni127,System Analyst
Alumni128,Software Developer
Alumni129,Software Developer
Alumni130,Software Quality Assurance Engineer
Alumni131,Product Designer
Alumni132,Software Developer
Alumni133,Software Developer
Alumni134,UI/UX Designer
Alumni135,Software Quality Assurance Engineer
Alumni136,Software Engineer
Alumni137,Data Engineer
Alumni138,Software Developer
Alumni139,Software Engineer
Alumni140,Software Developer
Alumni141,IT Project Manager
Alumni142,IT Project Manager
Alumni143,System Analyst
Alumni144,Software Engineer
Alumni145,Software Engineer
Alumni146,Network Engineer
Alumni147,Software Engineer
Alumni148,Software Developer
Alumni149,Software Developer
Alumni150,Software Developer
Alumni151,Software Engineer
Alumni152,Network Engineer
Alumni153,Data Analyst
Alumni154,Software Engineer
Alumni155,UI/UX Designer
Alumni156,Software Engineer
Alumni157,Software Quality Assurance Engineer
Alumni158,Software Developer
Alumni159,Software Developer
Alumni160,Software Quality Assurance Engineer
Alumni161,Data Engineer
Alumni162,Software Quality Assurance Engineer
Alumni163,Data Analyst
Alumni164,UI/UX Designer
Alumni165,IT Project Manager
Alumni166,IT Project Manager
Alumni167,Software Developer
Alumni168,UI/UX Designer
Alumni169,Network Security Engineer
Alumni170,Data Analyst
Alumni171,Software Developer
Alumni172,Network Security Engineer
Alumni173,Software Developer
Alumni174,System Analyst
Alumni175,Network Security Analyst
Alumni176,Software Quality Assurance Engineer
Alumni177,Software Quality Assurance Engineer
Alumni178,Software Quality Assurance Engineer
Alumni179,Software Developer
Alumni180,Data Engineer
Alumni181,Software Quality Assurance Engineer
Alumni182,Software Quality Assurance Engineer
Alumni183,Software Developer
Alumni184,Software Developer
Alumni185,Software Developer
Alumni186,Software Quality Assurance Engineer
Alumni187,UI/UX Designer
Alumni188,Data Engineer
Alumni189,UI/UX Designer
Alumni190,Network Engineer
Alumni191,Data Engineer
Alumni192,Software Engineer
Alumni193,Database Administrator
Alumni194,Software Quality Assurance Engineer
Alumni195,UI/UX Designer
Alumni196,Software Developer
Alumni197,Software Engineer
Alumni198,Database Administrator
Alumni199,Software Developer
Alumni200,Software Developer
Alumni201,Data Analyst
Alumni202,System Analyst
Alumni203,Software Developer
Alumni204,Network Engineer
Alumni205,Software Engineer
Alumni206,Network Engineer
Alumni207,Software Engineer
Alumni208,System Analyst
Alumni209,Software Developer
Alumni210,Software Quality Assurance Engineer
Alumni211,Software Developer
Alumni212,Software Developer
Alumni213,Graphic Designer
Alumni214,Software Developer
Alumni215,Software Developer
Alumni216,Software Quality Assurance Engineer
Alumni217,Software Quality Assurance Engineer
Alumni218,UI/UX Designer
Alumni219,Software Developer
Alumni220,Software Engineer
Alumni221,System Analyst
Alumni222,Software Developer
Alumni223,Software Engineer
Alumni224,Database Administrator
Alumni225,Software Quality Assurance Engineer
Alumni226,Software Developer
Alumni227,Data Engineer
Alumni228,Software Engineer
Alumni229,Software Developer
Alumni230,Software Developer
Alumni231,Software Developer
Alumni232,Software Engineer
Alumni233,Software Engineer
Alumni234,Software Quality Assurance Engineer
Alumni235,Software Developer
Alumni236,Software Developer
Alumni237,Data Engineer
Alumni238,Software Developer
Alumni239,Software Engineer
Alumni240,Software Developer
Alumni241,Software Quality Assurance Engineer
Alumni242,Software Engineer
Alumni243,UI/UX Designer
Alumni244,Software Engineer
Alumni245,Network Security Analyst
Alumni246,Network Engineer
Alumni247,Graphic Designer
Alumni248,Network Security Engineer
Alumni249,Software Developer
Alumni250,Network Security Engineer
Alumni251,Network Engineer
Alumni252,Software Quality Assurance Engineer
Alumni253,Software Quality Assurance Engineer
Alumni254,Software Developer
Alumni255,Software Developer
Alumni256,Software Developer
Alumni257,Data Analyst
Alumni258,Product Designer
Alumni259,Software Engineer
Alumni260,Software Developer
Alumni261,Software Developer
Alumni262,Software Engineer
Alumni263,Software Developer
Alumni264,Software Engineer
Alumni265,System Analyst
Alumni266,System Analyst
Alumni267,Software Engineer
Alumni268,Network Security Analyst
Alumni269,Software Engineer
Alumni270,Data Analyst
Alumni271,Software Developer
Alumni272,Software Quality Assurance Engineer
Alumni273,Database Administrator
Alumni274,System Analyst
Alumni275,Software Quality Assurance Engineer
Alumni276,Network Security Analyst
Alumni277,Software Developer
Alumni278,Software Developer
Alumni279,Software Developer
Alumni280,Software Developer
Alumni281,Software Quality Assurance Engineer
Alumni282,Software Engineer
Alumni283,Software Developer
Alumni284,Software Quality Assurance Engineer
Alumni285,IT Project Manager
Alumni286,Software Engineer
Alumni287,Software Developer
Alumni288,System Analyst
Alumni289,Software Engineer
Alumni290,Software Quality Assurance Engineer
Alumni291,UI/UX Designer
Alumni292,Software Engineer
Alumni293,Data Engineer
Alumni294,Software Quality Assurance Engineer
Alumni295,Software Engineer
Alumni296,IT Project Manager
Alumni297,Database Administrator
Alumni298,Data Analyst
Alumni299,Software Engineer
Alumni300,Software Developer
Alumni301,System Analyst
Alumni302,Software Developer
Alumni303,Software Quality Assurance Engineer
Alumni304,Data Analyst
Alumni305,IT Project Manager
Alumni306,Data Analyst
Alumni307,Software Quality Assurance Engineer
Alumni308,Software Quality Assurance Engineer
Alumni309,Software Developer
Alumni310,Software Developer
Alumni311,IT Project Manager
Alumni312,Software Quality Assurance Engineer
Alumni313,UI/UX Designer
Alumni314,IT Project Manager
Alumni315,Software Developer
Alumni316,Software Engineer
Alumni317,Software Developer
Alumni318,Software Quality Assurance Engineer
Alumni319,Data Analyst
Alumni320,Software Developer
Alumni321,Software Quality Assurance Engineer
Alumni322,Software Developer
Alumni323,Software Developer
Alumni324,Network Security Analyst
Alumni325,Software Engineer
Alumni326,System Analyst
Alumni327,Software Quality Assurance Engineer
Alumni328,Software Developer
Alumni329,Software Developer
Alumni330,Software Developer
Alumni331,UI/UX Designer
Alumni332,Software Developer
Alumni333,Network Security Analyst
Alumni334,IT Project Manager
Alumni335,Data Scientist
Alumni336,Data Analyst
Alumni337,Software Developer
Alumni338,Software Engineer
Alumni339,Software Engineer
Alumni340,Software Quality Assurance Engineer
Alumni341,System Analyst
Alumni342,Software Engineer
Alumni343,Software Engineer
Alumni344,Network Engineer
Alumni345,IT Project Manager
Alumni346,Software Quality Assurance Engineer
Alumni347,Software Engineer
Alumni348,Database Administrator
Alumni349,Software Developer
Alumni350,Software Engineer
Alumni351,IT Project Manager
Alumni352,System Analyst
Alumni353,Graphic Designer
Alumni354,Software Developer
Alumni355,Software Developer
Alumni356,Graphic Designer
Alumni357,Software Engineer
Alumni358,Software Developer
Alumni359,Graphic Designer
Alumni360,Software Developer
Alumni361,Software Developer
Alumni362,Software Engineer
Alumni363,IT Project Manager
Alumni364,Software Engineer
Alumni365,System Analyst
Alumni366,Data Engineer
Alumni367,Software Developer
Alumni368,IT Project Manager
Alumni369,Software Quality Assurance Engineer
Alumni370,Data Analyst
Alumni371,Software Quality Assurance Engineer
Alumni372,Software Developer
Alumni373,Data Analyst
Alumni374,IT Project Manager
Alumni375,Software Engineer
Alumni376,Network Security Analyst
Alumni377,Software Engineer
Alumni378,Database Administrator
Alumni379,UI/UX Designer
Alumni380,Software Developer
Alumni381,Software Developer
Alumni382,Software Engineer
Alumni383,Graphic Designer
Alumni384,Software Developer
Alumni385,Software Engineer
Alumni386,Software Developer
Alumni387,Software Developer
Alumni388,Software Engineer
Alumni389,Software Developer
Alumni390,Data Analyst
Alumni391,Data Scientist
Alumni392,Data Analyst
Alumni393,Software Engineer
Alumni394,Software Engineer
Alumni395,Software Developer
Alumni396,Data Analyst
Alumni397,Software Developer
Alumni398,Data Analyst
Alumni399,Data Analyst
Alumni400,Software Developer
Alumni401,Software Developer
Alumni402,Software Developer
Alumni403,System Analyst
Alumni404,Network Security Analyst
Alumni405,Software Engineer
Alumni406,Software Developer
Alumni407,Software Developer
Alumni408,Software Engineer
Alumni409,Software Developer
Alumni410,Network Security Analyst
Alumni411,Software Developer
Alumni412,Data Analyst
Alumni413,Software Engineer
Alumni414,Software Developer
Alumni415,Software Developer
Alumni416,Network Security Analyst
Alumni417,Software Developer
Alumni418,Software Developer
Alumni419,Data Analyst
Alumni420,Cyber Security Analyst
Alumni421,System Analyst
Alumni422,Software Engineer
Alumni423,Data Analyst
Alumni424,Software Engineer
Alumni425,Software Engineer
Alumni426,Cyber Security Analyst
Alumni427,Software Developer
Alumni428,Network Security Engineer
Alumni429,Software Engineer
Alumni430,Software Developer
Alumni431,Network Engineer
Alumni432,Software Developer
Alumni433,Network Engineer
Alumni434,Software Developer
Alumni435,Network Engineer
Alumni436,Software Developer
Alumni437,Software Engineer
Alumni438,Software Quality Assurance Engineer
Alumni439,Software Developer
Alumni440,Software Engineer
Alumni441,Software Developer
Alumni442,System Analyst
Alumni443,Software Developer
Alumni444,Software Developer
Alumni445,Software Developer
Alumni446,Software Developer
Alumni447,Software Developer
Alumni448,Software Engineer
Alumni449,Software Quality Assurance Engineer
Alumni450,Software Engineer
Alumni451,Software Engineer
Alumni452,Software Developer
Alumni453,Software Developer
Alumni454,Software Developer
Alumni455,Data Analyst
Alumni456,Software Developer
Alumni457,Software Engineer
Alumni458,Software Quality Assurance Engineer
Alumni459,Software Engineer
Alumni460,Software Quality Assurance Engineer
Alumni461,Software Developer
Alumni462,Software Developer
Alumni463,Software Engineer
Alumni464,Graphic Designer
Alumni465,Software Developer
Alumni466,Graphic Designer
Alumni467,Software Developer
Alumni468,Software Quality Assurance Engineer
Alumni469,Data Analyst
Alumni470,Software Quality Assurance Engineer
Alumni471,Software Developer
Alumni472,Software Developer
Alumni473,Network Security Engineer
Alumni474,Data Analyst
Alumni475,Graphic Designer
Alumni476,Software Developer
Alumni477,Database Administrator
Alumni478,Data Analyst
Alumni479,Data Scientist
Alumni480,UI/UX Designer
Alumni481,Data Analyst
Alumni482,Data Engineer
Alumni483,Software Developer
Alumni484,Software Developer
Alumni485,Software Developer
Alumni486,Software Developer
Alumni487,Software Quality Assurance Engineer
Alumni488,Software Engineer
Alumni489,Software Engineer
Alumni490,System Analyst
Alumni491,Software Quality Assurance Engineer
